{"cameraMode":{"drawMode":0,"name":"Shaded","section":"Shading Mode"},"sceneLighting":false,"audioPlay":false,"sceneViewState":{"m_AlwaysRefresh":true,"showFog":true,"showSkybox":false,"showFlares":true,"showImageEffects":true,"showParticleSystems":true,"showVisualEffectGraphs":true,"m_FxEnabled":true},"in2DMode":false,"pivot":{"x":-0.00001537799835205078,"y":0.8239752054214478,"z":-0.0000045299530029296878},"rotation":{"x":0.15489575266838075,"y":-0.1300003081560135,"z":0.02056562341749668,"w":0.9791250228881836},"size":2.2535266876220705,"orthographic":false}