{"cameraMode":{"drawMode":0,"name":"Shaded","section":"Shading Mode"},"sceneLighting":false,"audioPlay":false,"sceneViewState":{"m_AlwaysRefresh":true,"showFog":true,"showSkybox":false,"showFlares":true,"showImageEffects":true,"showParticleSystems":true,"showVisualEffectGraphs":true,"m_FxEnabled":true},"in2DMode":false,"pivot":{"x":0.0000014901161193847657,"y":3.142895460128784,"z":-0.0000013113021850585938},"rotation":{"x":-0.14167183637619019,"y":-0.4063555598258972,"z":-0.06380590051412583,"w":0.9004716277122498},"size":3.218823194503784,"orthographic":false}