{"cameraMode":{"drawMode":0,"name":"Shaded","section":"Shading Mode"},"sceneLighting":false,"audioPlay":false,"sceneViewState":{"m_AlwaysRefresh":true,"showFog":true,"showSkybox":false,"showFlares":true,"showImageEffects":true,"showParticleSystems":true,"showVisualEffectGraphs":true,"m_FxEnabled":true},"in2DMode":false,"pivot":{"x":-0.000017523765563964844,"y":2.791917562484741,"z":-0.000010251998901367188},"rotation":{"x":-0.0013508829288184643,"y":-0.4276699125766754,"z":-0.0006531047401949763,"w":0.9039949178695679},"size":3.052637815475464,"orthographic":false}