{"cameraMode":{"drawMode":0,"name":"Shaded","section":"Shading Mode"},"sceneLighting":false,"audioPlay":false,"sceneViewState":{"m_AlwaysRefresh":false,"showFog":true,"showSkybox":false,"showFlares":true,"showImageEffects":true,"showParticleSystems":true,"showVisualEffectGraphs":true,"m_FxEnabled":true},"in2DMode":false,"pivot":{"x":-0.6173853874206543,"y":1.2783139944076539,"z":-2.4270095825195314},"rotation":{"x":0.29719409346580508,"y":0.09514974057674408,"z":-0.029778452590107919,"w":0.9496060609817505},"size":3.275477409362793,"orthographic":false}