{"cameraMode":{"drawMode":0,"name":"Shaded","section":"Shading Mode"},"sceneLighting":false,"audioPlay":false,"sceneViewState":{"m_AlwaysRefresh":true,"showFog":true,"showSkybox":false,"showFlares":true,"showImageEffects":true,"showParticleSystems":true,"showVisualEffectGraphs":true,"m_FxEnabled":true},"in2DMode":false,"pivot":{"x":-0.00001239776611328125,"y":0.8000043034553528,"z":-0.00000286102294921875},"rotation":{"x":0.04743446037173271,"y":-0.33635765314102175,"z":0.016964618116617204,"w":0.940386176109314},"size":5.2910475730896,"orthographic":false}