{"cameraMode":{"drawMode":0,"name":"Shaded","section":"Shading Mode"},"sceneLighting":false,"audioPlay":false,"sceneViewState":{"m_AlwaysRefresh":true,"showFog":true,"showSkybox":false,"showFlares":true,"showImageEffects":true,"showParticleSystems":true,"showVisualEffectGraphs":true,"m_FxEnabled":true},"in2DMode":false,"pivot":{"x":1.3684422969818116,"y":0.37301647663116457,"z":1.8999638557434083},"rotation":{"x":0.08533155173063278,"y":-0.23388174176216126,"z":0.020609287545084955,"w":0.9682942628860474},"size":4.089072227478027,"orthographic":false}