{"cameraMode":{"drawMode":0,"name":"Shaded","section":"Shading Mode"},"sceneLighting":false,"audioPlay":false,"sceneViewState":{"m_AlwaysRefresh":true,"showFog":true,"showSkybox":false,"showFlares":true,"showImageEffects":true,"showParticleSystems":true,"showVisualEffectGraphs":true,"m_FxEnabled":true},"in2DMode":false,"pivot":{"x":2.6279494762420656,"y":2.252263307571411,"z":12.019054412841797},"rotation":{"x":-0.1641700267791748,"y":-0.03225728124380112,"z":0.00544830271974206,"w":-0.9859394431114197},"size":16.727190017700197,"orthographic":false}