{"cameraMode":{"drawMode":0,"name":"Shaded","section":"Shading Mode"},"sceneLighting":false,"audioPlay":false,"sceneViewState":{"m_AlwaysRefresh":true,"showFog":true,"showSkybox":false,"showFlares":true,"showImageEffects":true,"showParticleSystems":true,"showVisualEffectGraphs":true,"m_FxEnabled":true},"in2DMode":false,"pivot":{"x":-0.7996492385864258,"y":2.1953890323638918,"z":-1.9595956802368165},"rotation":{"x":-0.22681529819965363,"y":0.7730077505111694,"z":-0.4083501398563385,"w":-0.42936351895332339},"size":16.497934341430665,"orthographic":false}