{"cameraMode":{"drawMode":0,"name":"Shaded","section":"Shading Mode"},"sceneLighting":false,"audioPlay":false,"sceneViewState":{"m_AlwaysRefresh":true,"showFog":true,"showSkybox":false,"showFlares":true,"showImageEffects":true,"showParticleSystems":true,"showVisualEffectGraphs":true,"m_FxEnabled":true},"in2DMode":false,"pivot":{"x":-0.1720128059387207,"y":2.7539994716644289,"z":6.779321193695068},"rotation":{"x":-0.22681529819965363,"y":0.7730077505111694,"z":-0.4083501398563385,"w":-0.42936351895332339},"size":16.570371627807618,"orthographic":false}