{"cameraMode":{"drawMode":0,"name":"Shaded","section":"Shading Mode"},"sceneLighting":false,"audioPlay":false,"sceneViewState":{"m_AlwaysRefresh":true,"showFog":true,"showSkybox":false,"showFlares":true,"showImageEffects":true,"showParticleSystems":true,"showVisualEffectGraphs":true,"m_FxEnabled":true},"in2DMode":false,"pivot":{"x":0.000026226043701171875,"y":1.1978282928466797,"z":0.0000026226043701171877},"rotation":{"x":0.04743446037173271,"y":-0.33635765314102175,"z":0.016964618116617204,"w":0.940386176109314},"size":4.082993507385254,"orthographic":false}