{"cameraMode":{"drawMode":0,"name":"Shaded","section":"Shading Mode"},"sceneLighting":false,"audioPlay":false,"sceneViewState":{"m_AlwaysRefresh":true,"showFog":true,"showSkybox":false,"showFlares":true,"showImageEffects":true,"showParticleSystems":true,"showVisualEffectGraphs":true,"m_FxEnabled":true},"in2DMode":false,"pivot":{"x":0.7444100379943848,"y":3.234070301055908,"z":0.7386698722839356},"rotation":{"x":-0.11458997428417206,"y":0.03432970494031906,"z":-0.00410581985488534,"w":-0.9929805994033814},"size":27.661787033081056,"orthographic":false}