{"cameraMode":{"drawMode":0,"name":"Shaded","section":"Shading Mode"},"sceneLighting":false,"audioPlay":false,"sceneViewState":{"m_AlwaysRefresh":true,"showFog":true,"showSkybox":true,"showFlares":true,"showImageEffects":true,"showParticleSystems":true,"showVisualEffectGraphs":true,"m_FxEnabled":true},"in2DMode":false,"pivot":{"x":1011.8740844726563,"y":231.35641479492188,"z":96.41127014160156},"rotation":{"x":-0.03887956589460373,"y":-0.8500844836235046,"z":0.06335354596376419,"w":-0.5214316248893738},"size":169.82907104492188,"orthographic":false}