{"cameraMode":{"drawMode":0,"name":"Shaded","section":"Shading Mode"},"sceneLighting":false,"audioPlay":false,"sceneViewState":{"m_AlwaysRefresh":true,"showFog":true,"showSkybox":false,"showFlares":true,"showImageEffects":true,"showParticleSystems":true,"showVisualEffectGraphs":true,"m_FxEnabled":true},"in2DMode":false,"pivot":{"x":0.5618064403533936,"y":3.389012336730957,"z":0.028696134686470033},"rotation":{"x":-0.26006728410720827,"y":0.6016416549682617,"z":-0.2162034660577774,"w":-0.7236475348472595},"size":0.7759100794792175,"orthographic":false}