{"cameraMode":{"drawMode":0,"name":"Shaded","section":"Shading Mode"},"sceneLighting":false,"audioPlay":false,"sceneViewState":{"m_AlwaysRefresh":true,"showFog":true,"showSkybox":true,"showFlares":true,"showImageEffects":true,"showParticleSystems":true,"showVisualEffectGraphs":true,"m_FxEnabled":true},"in2DMode":false,"pivot":{"x":62.94818115234375,"y":98.09770202636719,"z":579.744384765625},"rotation":{"x":0.009568730369210244,"y":0.9801260232925415,"z":-0.19205725193023683,"w":0.04884723573923111},"size":134.89739990234376,"orthographic":false}