{"cameraMode":{"drawMode":0,"name":"Shaded","section":"Shading Mode"},"sceneLighting":true,"audioPlay":false,"sceneViewState":{"m_AlwaysRefresh":true,"showFog":true,"showSkybox":true,"showFlares":true,"showImageEffects":true,"showParticleSystems":true,"showVisualEffectGraphs":true,"m_FxEnabled":true},"in2DMode":false,"pivot":{"x":0.8392195701599121,"y":0.16432642936706544,"z":0.08729547262191773},"rotation":{"x":0.26537954807281496,"y":0.5875163674354553,"z":-0.21242982149124146,"w":0.7344781756401062},"size":2.3807265758514406,"orthographic":false}