{"cameraMode":{"drawMode":0,"name":"Shaded","section":"Shading Mode"},"sceneLighting":false,"audioPlay":false,"sceneViewState":{"m_AlwaysRefresh":true,"showFog":true,"showSkybox":true,"showFlares":true,"showImageEffects":true,"showParticleSystems":true,"showVisualEffectGraphs":true,"m_FxEnabled":true},"in2DMode":false,"pivot":{"x":4.090445518493652,"y":2.8339242935180666,"z":2.4616851806640627},"rotation":{"x":-0.0017049789894372225,"y":0.9933058619499207,"z":-0.11463500559329987,"w":-0.014920455403625965},"size":7.062363624572754,"orthographic":false}