{"cameraMode":{"drawMode":0,"name":"Shaded","section":"Shading Mode"},"sceneLighting":false,"audioPlay":false,"sceneViewState":{"m_AlwaysRefresh":true,"showFog":true,"showSkybox":true,"showFlares":true,"showImageEffects":true,"showParticleSystems":true,"showVisualEffectGraphs":true,"m_FxEnabled":true},"in2DMode":false,"pivot":{"x":627.0999755859375,"y":19.799999237060548,"z":365.29998779296877},"rotation":{"x":-0.019278649240732194,"y":0.7000455856323242,"z":-0.01889832504093647,"w":-0.7136006355285645},"size":12.12435531616211,"orthographic":false}