{"cameraMode":{"drawMode":0,"name":"Shaded","section":"Shading Mode"},"sceneLighting":false,"audioPlay":false,"sceneViewState":{"m_AlwaysRefresh":true,"showFog":true,"showSkybox":true,"showFlares":true,"showImageEffects":true,"showParticleSystems":true,"showVisualEffectGraphs":true,"m_FxEnabled":true},"in2DMode":false,"pivot":{"x":433.59234619140627,"y":-87.48594665527344,"z":422.5123291015625},"rotation":{"x":0.15636838972568513,"y":-0.6200119853019714,"z":0.12787723541259767,"w":0.7581466436386108},"size":152.31048583984376,"orthographic":false}