{"cameraMode":{"drawMode":0,"name":"Shaded","section":"Shading Mode"},"sceneLighting":false,"audioPlay":false,"sceneViewState":{"m_AlwaysRefresh":true,"showFog":true,"showSkybox":true,"showFlares":true,"showImageEffects":true,"showParticleSystems":true,"showVisualEffectGraphs":true,"m_FxEnabled":true},"in2DMode":false,"pivot":{"x":-492.9865417480469,"y":388.30120849609377,"z":402.48211669921877},"rotation":{"x":0.1579122096300125,"y":-0.6437951326370239,"z":0.13834403455257417,"w":0.7359271049499512},"size":1291.3511962890625,"orthographic":false}