{"cameraMode":{"drawMode":0,"name":"Shaded","section":"Shading Mode"},"sceneLighting":false,"audioPlay":false,"sceneViewState":{"m_AlwaysRefresh":true,"showFog":true,"showSkybox":true,"showFlares":true,"showImageEffects":true,"showParticleSystems":true,"showVisualEffectGraphs":true,"m_FxEnabled":true},"in2DMode":false,"pivot":{"x":656.8136596679688,"y":13.524154663085938,"z":415.1985778808594},"rotation":{"x":0.05954417586326599,"y":0.18168459832668305,"z":0.011107226833701134,"w":-0.9815672039985657},"size":16.88043785095215,"orthographic":false}