{"cameraMode":{"drawMode":0,"name":"Shaded","section":"Shading Mode"},"sceneLighting":false,"audioPlay":false,"sceneViewState":{"m_AlwaysRefresh":true,"showFog":true,"showSkybox":true,"showFlares":true,"showImageEffects":true,"showParticleSystems":true,"showVisualEffectGraphs":true,"m_FxEnabled":false},"in2DMode":false,"pivot":{"x":464.1625061035156,"y":77.10443878173828,"z":384.5682067871094},"rotation":{"x":-0.002010500757023692,"y":0.7438663244247437,"z":-0.002224427880719304,"w":-0.6683785319328308},"size":21.729223251342775,"orthographic":false}