{"cameraMode":{"drawMode":0,"name":"Shaded","section":"Shading Mode"},"sceneLighting":false,"audioPlay":false,"sceneViewState":{"m_AlwaysRefresh":true,"showFog":true,"showSkybox":true,"showFlares":true,"showImageEffects":true,"showParticleSystems":true,"showVisualEffectGraphs":true,"m_FxEnabled":true},"in2DMode":false,"pivot":{"x":-465.0632019042969,"y":20.837242126464845,"z":388.0106201171875},"rotation":{"x":-0.21079133450984956,"y":0.07381293922662735,"z":-0.015973007306456567,"w":-0.9746208190917969},"size":260.1529235839844,"orthographic":false}