{"cameraMode":{"drawMode":0,"name":"Shaded","section":"Shading Mode"},"sceneLighting":false,"audioPlay":false,"sceneViewState":{"m_AlwaysRefresh":true,"showFog":true,"showSkybox":true,"showFlares":true,"showImageEffects":true,"showParticleSystems":true,"showVisualEffectGraphs":true,"m_FxEnabled":false},"in2DMode":false,"pivot":{"x":-2046.7552490234375,"y":426.09564208984377,"z":1041.7239990234375},"rotation":{"x":-0.14391101896762849,"y":0.18323461711406709,"z":-0.027298904955387117,"w":-0.9721465110778809},"size":1490.6724853515625,"orthographic":false}