{"cameraMode":{"drawMode":0,"name":"Shaded","section":"Shading Mode"},"sceneLighting":false,"audioPlay":false,"sceneViewState":{"m_AlwaysRefresh":true,"showFog":true,"showSkybox":true,"showFlares":true,"showImageEffects":true,"showParticleSystems":true,"showVisualEffectGraphs":true,"m_FxEnabled":true},"in2DMode":false,"pivot":{"x":62.94818115234375,"y":98.09770202636719,"z":579.744384765625},"rotation":{"x":0.012784726917743683,"y":0.9480540156364441,"z":-0.038417402654886249,"w":0.3155393898487091},"size":491.66497802734377,"orthographic":false}