{"cameraMode":{"drawMode":0,"name":"Shaded","section":"Shading Mode"},"sceneLighting":false,"audioPlay":false,"sceneViewState":{"m_AlwaysRefresh":true,"showFog":true,"showSkybox":true,"showFlares":true,"showImageEffects":true,"showParticleSystems":true,"showVisualEffectGraphs":true,"m_FxEnabled":true},"in2DMode":false,"pivot":{"x":430.42303466796877,"y":188.43467712402345,"z":428.8020324707031},"rotation":{"x":-0.12369055300951004,"y":0.7107328176498413,"z":-0.12943503260612489,"w":-0.6803415417671204},"size":333.96453857421877,"orthographic":false}