{"cameraMode":{"drawMode":0,"name":"Shaded","section":"Shading Mode"},"sceneLighting":false,"audioPlay":false,"sceneViewState":{"m_AlwaysRefresh":true,"showFog":true,"showSkybox":true,"showFlares":true,"showImageEffects":true,"showParticleSystems":true,"showVisualEffectGraphs":true,"m_FxEnabled":true},"in2DMode":false,"pivot":{"x":-1582.4063720703125,"y":101.04043579101563,"z":150.46859741210938},"rotation":{"x":0.016337702050805093,"y":-0.8994233012199402,"z":0.0337442047894001,"w":0.4354679584503174},"size":1823.3880615234375,"orthographic":false}