{"cameraMode":{"drawMode":0,"name":"Shaded","section":"Shading Mode"},"sceneLighting":false,"audioPlay":false,"sceneViewState":{"m_AlwaysRefresh":true,"showFog":true,"showSkybox":true,"showFlares":true,"showImageEffects":true,"showParticleSystems":true,"showVisualEffectGraphs":true,"m_FxEnabled":true},"in2DMode":false,"pivot":{"x":146.6419677734375,"y":0.08431315422058106,"z":51.97782897949219},"rotation":{"x":0.09933752566576004,"y":-0.2733459770679474,"z":0.02839282713830471,"w":0.9563533663749695},"size":30.97235870361328,"orthographic":false}