{"cameraMode":{"drawMode":0,"name":"Shaded","section":"Shading Mode"},"sceneLighting":false,"audioPlay":false,"sceneViewState":{"m_AlwaysRefresh":true,"showFog":true,"showSkybox":true,"showFlares":true,"showImageEffects":true,"showParticleSystems":true,"showVisualEffectGraphs":true,"m_FxEnabled":true},"in2DMode":false,"pivot":{"x":430.7792053222656,"y":201.32672119140626,"z":299.20391845703127},"rotation":{"x":0.3043500483036041,"y":-0.3409508168697357,"z":0.11769729852676392,"w":0.8816471099853516},"size":384.66717529296877,"orthographic":false}