{"cameraMode":{"drawMode":0,"name":"Shaded","section":"Shading Mode"},"sceneLighting":false,"audioPlay":false,"sceneViewState":{"m_AlwaysRefresh":true,"showFog":true,"showSkybox":false,"showFlares":true,"showImageEffects":true,"showParticleSystems":true,"showVisualEffectGraphs":true,"m_FxEnabled":true},"in2DMode":false,"pivot":{"x":-0.0000011324882507324219,"y":0.10876952111721039,"z":-7.450580596923828e-7},"rotation":{"x":0.15489575266838075,"y":-0.1300003081560135,"z":0.02056562341749668,"w":0.9791250228881836},"size":0.5255780816078186,"orthographic":false}